game,auroc,n_total,n_pos
circle,0.9142857142857143,19,14
maze,0.8339920948616601,34,23
sym,0.5,8,4
