game,auroc,n_total,n_pos
circle,0.8857142857142857,19,14
maze,0.7628458498023716,34,23
sym,0.28125,8,4
