{
  "circle": {
    "F1": {
      "median": 0.084826,
      "mad": 0.0028809999999999947,
      "scale": 0.0052413,
      "ref_n": 5
    },
    "F2": {
      "median": 0.792208,
      "mad": 0.03896100000000002,
      "scale": 0.05776357860000003,
      "ref_n": 5
    },
    "F3": {
      "median": 0.003008,
      "mad": 0.0007170000000000002,
      "scale": 0.0011504,
      "ref_n": 5
    },
    "F4": {
      "median": 0.010791,
      "mad": 0.003389999999999999,
      "scale": 0.005026013999999998,
      "ref_n": 5
    },
    "C1": {
      "median": 0.726674,
      "mad": 0.02223900000000001,
      "scale": 0.037333700000000004,
      "ref_n": 5
    },
    "C2": {
      "median": 0.0,
      "mad": 0.0,
      "scale": 0.001,
      "ref_n": 5
    },
    "C3": {
      "median": 0.075628,
      "mad": 0.030051,
      "scale": 0.0445536126,
      "ref_n": 5
    }
  },
  "maze": {
    "F1": {
      "median": 0.088927,
      "mad": 0.0014959999999999973,
      "scale": 0.005446350000000001,
      "ref_n": 11
    },
    "F2": {
      "median": 0.919355,
      "mad": 0.04032199999999997,
      "scale": 0.059781397199999954,
      "ref_n": 11
    },
    "F3": {
      "median": 3e-06,
      "mad": 3e-06,
      "scale": 0.00100015,
      "ref_n": 11
    },
    "F4": {
      "median": 0.000116,
      "mad": 0.000116,
      "scale": 0.0010058,
      "ref_n": 11
    },
    "C1": {
      "median": 0.429124,
      "mad": 0.03087899999999999,
      "scale": 0.04578120539999998,
      "ref_n": 11
    },
    "C2": {
      "median": 0.0,
      "mad": 0.0,
      "scale": 0.001,
      "ref_n": 11
    },
    "C3": {
      "median": 0.167982,
      "mad": 0.05840899999999999,
      "scale": 0.08659718339999997,
      "ref_n": 11
    }
  },
  "sym": {
    "F1": {
      "median": 0.833795,
      "mad": 0.05642150000000001,
      "scale": 0.08365051590000001,
      "ref_n": 4
    },
    "F2": {
      "median": 0.9285715,
      "mad": 0.0714285,
      "scale": 0.1058998941,
      "ref_n": 4
    },
    "F3": {
      "median": 0.6075665,
      "mad": 0.267523,
      "scale": 0.3966295998,
      "ref_n": 4
    },
    "F4": {
      "median": 0.0481455,
      "mad": 0.0178845,
      "scale": 0.0265155597,
      "ref_n": 4
    },
    "C1": {
      "median": 0.4449825,
      "mad": 0.050341,
      "scale": 0.0746355666,
      "ref_n": 4
    },
    "C2": {
      "median": 0.0,
      "mad": 0.0,
      "scale": 0.001,
      "ref_n": 4
    },
    "C3": {
      "median": 0.1300705,
      "mad": 0.049342000000000004,
      "scale": 0.0731544492,
      "ref_n": 4
    }
  }
}