sample_id,game,label,F1,F2,F3,F4,C1,C2,C3
s1,sym,0,0.597947,0.714286,12.128089,0.290752,0.408331,0.0,0.04338
s2,sym,1,0.450867,0.571429,17.252685,0.51659,0.39848,0.0,0.153205
s3,sym,1,0.926419,1.0,0.528322,0.038181,0.312438,0.0,0.188349
s4,sym,1,0.053424,0.0,203.363627,0.945373,0.875,0.0,0.437125
s5,sym,0,0.88811,1.0,0.727226,0.055613,0.481634,0.00772,0.142064
s6,sym,0,0.892323,1.0,0.487907,0.040678,0.380952,0.0,0.118077
s7,sym,1,0.655541,0.904762,2.330446,0.220114,0.612582,0.0,0.051406
s8,sym,0,0.77948,0.857143,0.19218,0.019844,0.54136,0.0,0.278289
